A	A	uni0041
Aacute	Aacute	uni00C1
Abreve	Abreve	uni0102
Acircumflex	Acircumflex	uni00C2
Adieresis	Adieresis	uni00C4
Agrave	Agrave	uni00C0
Amacron	Amacron	uni0100
Aogonek	Aogonek	uni0104
Aring	Aring	uni00C5
Aringacute	Aringacute	uni01FA
Atilde	Atilde	uni00C3
AE	AE	uni00C6
AEacute	AEacute	uni01FC
B	B	uni0042
C	C	uni0043
Cacute	Cacute	uni0106
Ccaron	Ccaron	uni010C
Ccedilla	Ccedilla	uni00C7
Ccircumflex	Ccircumflex	uni0108
Cdotaccent	Cdotaccent	uni010A
D	D	uni0044
Eth	Eth	uni00D0
Dcaron	Dcaron	uni010E
Dcroat	Dcroat	uni0110
E	E	uni0045
Eacute	Eacute	uni00C9
Ebreve	Ebreve	uni0114
Ecaron	Ecaron	uni011A
Ecircumflex	Ecircumflex	uni00CA
Edieresis	Edieresis	uni00CB
Edotaccent	Edotaccent	uni0116
Egrave	Egrave	uni00C8
Emacron	Emacron	uni0112
Eogonek	Eogonek	uni0118
F	F	uni0046
G	G	uni0047
Gbreve	Gbreve	uni011E
Gcircumflex	Gcircumflex	uni011C
Gcommaaccent	Gcommaaccent	uni0122
Gdotaccent	Gdotaccent	uni0120
H	H	uni0048
Hbar	Hbar	uni0126
Hcircumflex	Hcircumflex	uni0124
I	I	uni0049
IJ	IJ	uni0132
Iacute	Iacute	uni00CD
Ibreve	Ibreve	uni012C
Icircumflex	Icircumflex	uni00CE
Idieresis	Idieresis	uni00CF
Idotaccent	Idotaccent	uni0130
Igrave	Igrave	uni00CC
Imacron	Imacron	uni012A
Iogonek	Iogonek	uni012E
Itilde	Itilde	uni0128
J	J	uni004A
Jcircumflex	Jcircumflex	uni0134
K	K	uni004B
Kcommaaccent	Kcommaaccent	uni0136
L	L	uni004C
Lacute	Lacute	uni0139
Lcaron	Lcaron	uni013D
Lcommaaccent	Lcommaaccent	uni013B
Ldot	Ldot	uni013F
Lslash	Lslash	uni0141
M	M	uni004D
N	N	uni004E
Nacute	Nacute	uni0143
Ncaron	Ncaron	uni0147
Ncommaaccent	Ncommaaccent	uni0145
Eng	Eng	uni014A
Ntilde	Ntilde	uni00D1
O	O	uni004F
Oacute	Oacute	uni00D3
Obreve	Obreve	uni014E
Ocircumflex	Ocircumflex	uni00D4
Odieresis	Odieresis	uni00D6
Ograve	Ograve	uni00D2
Ohungarumlaut	Ohungarumlaut	uni0150
Omacron	Omacron	uni014C
Oslash	Oslash	uni00D8
Oslashacute	Oslashacute	uni01FE
Otilde	Otilde	uni00D5
OE	OE	uni0152
P	P	uni0050
Thorn	Thorn	uni00DE
Q	Q	uni0051
R	R	uni0052
Racute	Racute	uni0154
Rcaron	Rcaron	uni0158
Rcommaaccent	Rcommaaccent	uni0156
S	S	uni0053
Sacute	Sacute	uni015A
Scaron	Scaron	uni0160
Scedilla	Scedilla	uni015E
Scircumflex	Scircumflex	uni015C
Scommaaccent	Scommaaccent	uni0218
T	T	uni0054
Tbar	Tbar	uni0166
Tcaron	Tcaron	uni0164
Tcedilla	Tcedilla	uni0162
Tcommaaccent	Tcommaaccent	uni021A
U	U	uni0055
Uacute	Uacute	uni00DA
Ubreve	Ubreve	uni016C
Ucircumflex	Ucircumflex	uni00DB
Udieresis	Udieresis	uni00DC
Ugrave	Ugrave	uni00D9
Uhungarumlaut	Uhungarumlaut	uni0170
Umacron	Umacron	uni016A
Uogonek	Uogonek	uni0172
Uring	Uring	uni016E
Utilde	Utilde	uni0168
V	V	uni0056
W	W	uni0057
Wacute	Wacute	uni1E82
Wcircumflex	Wcircumflex	uni0174
Wdieresis	Wdieresis	uni1E84
Wgrave	Wgrave	uni1E80
X	X	uni0058
Y	Y	uni0059
Yacute	Yacute	uni00DD
Ycircumflex	Ycircumflex	uni0176
Ydieresis	Ydieresis	uni0178
Ygrave	Ygrave	uni1EF2
Z	Z	uni005A
Zacute	Zacute	uni0179
Zcaron	Zcaron	uni017D
Zdotaccent	Zdotaccent	uni017B
a	a	uni0061
aacute	aacute	uni00E1
abreve	abreve	uni0103
acircumflex	acircumflex	uni00E2
adieresis	adieresis	uni00E4
agrave	agrave	uni00E0
amacron	amacron	uni0101
aogonek	aogonek	uni0105
aring	aring	uni00E5
aringacute	aringacute	uni01FB
atilde	atilde	uni00E3
ae	ae	uni00E6
aeacute	aeacute	uni01FD
b	b	uni0062
c	c	uni0063
cacute	cacute	uni0107
ccaron	ccaron	uni010D
ccedilla	ccedilla	uni00E7
ccircumflex	ccircumflex	uni0109
cdotaccent	cdotaccent	uni010B
d	d	uni0064
eth	eth	uni00F0
dcaron	dcaron	uni010F
dcroat	dcroat	uni0111
e	e	uni0065
eacute	eacute	uni00E9
ebreve	ebreve	uni0115
ecaron	ecaron	uni011B
ecircumflex	ecircumflex	uni00EA
edieresis	edieresis	uni00EB
edotaccent	edotaccent	uni0117
egrave	egrave	uni00E8
emacron	emacron	uni0113
eogonek	eogonek	uni0119
f	f	uni0066
g	g	uni0067
gbreve	gbreve	uni011F
gcircumflex	gcircumflex	uni011D
gcommaaccent	gcommaaccent	uni0123
gdotaccent	gdotaccent	uni0121
h	h	uni0068
hbar	hbar	uni0127
hcircumflex	hcircumflex	uni0125
i	i	uni0069
dotlessi	dotlessi	uni0131
iacute	iacute	uni00ED
ibreve	ibreve	uni012D
icircumflex	icircumflex	uni00EE
idieresis	idieresis	uni00EF
igrave	igrave	uni00EC
ij	ij	uni0133
imacron	imacron	uni012B
iogonek	iogonek	uni012F
itilde	itilde	uni0129
j	j	uni006A
jcircumflex	jcircumflex	uni0135
k	k	uni006B
kcommaaccent	kcommaaccent	uni0137
kgreenlandic	kgreenlandic	uni0138
l	l	uni006C
lacute	lacute	uni013A
lcaron	lcaron	uni013E
lcommaaccent	lcommaaccent	uni013C
ldot	ldot	uni0140
lslash	lslash	uni0142
m	m	uni006D
n	n	uni006E
nacute	nacute	uni0144
napostrophe	napostrophe	uni0149
ncaron	ncaron	uni0148
ncommaaccent	ncommaaccent	uni0146
eng	eng	uni014B
ntilde	ntilde	uni00F1
o	o	uni006F
oacute	oacute	uni00F3
obreve	obreve	uni014F
ocircumflex	ocircumflex	uni00F4
odieresis	odieresis	uni00F6
ograve	ograve	uni00F2
ohungarumlaut	ohungarumlaut	uni0151
omacron	omacron	uni014D
oslash	oslash	uni00F8
oslashacute	oslashacute	uni01FF
otilde	otilde	uni00F5
oe	oe	uni0153
p	p	uni0070
thorn	thorn	uni00FE
q	q	uni0071
r	r	uni0072
racute	racute	uni0155
rcaron	rcaron	uni0159
rcommaaccent	rcommaaccent	uni0157
s	s	uni0073
sacute	sacute	uni015B
scaron	scaron	uni0161
scedilla	scedilla	uni015F
scircumflex	scircumflex	uni015D
scommaaccent	scommaaccent	uni0219
germandbls	germandbls	uni00DF
longs	longs	uni017F
t	t	uni0074
tbar	tbar	uni0167
tcaron	tcaron	uni0165
tcedilla	tcedilla	uni0163
tcommaaccent	tcommaaccent	uni021B
u	u	uni0075
uacute	uacute	uni00FA
ubreve	ubreve	uni016D
ucircumflex	ucircumflex	uni00FB
udieresis	udieresis	uni00FC
ugrave	ugrave	uni00F9
uhungarumlaut	uhungarumlaut	uni0171
umacron	umacron	uni016B
uogonek	uogonek	uni0173
uring	uring	uni016F
utilde	utilde	uni0169
v	v	uni0076
w	w	uni0077
wacute	wacute	uni1E83
wcircumflex	wcircumflex	uni0175
wdieresis	wdieresis	uni1E85
wgrave	wgrave	uni1E81
x	x	uni0078
y	y	uni0079
yacute	yacute	uni00FD
ycircumflex	ycircumflex	uni0177
ydieresis	ydieresis	uni00FF
ygrave	ygrave	uni1EF3
z	z	uni007A
zacute	zacute	uni017A
zcaron	zcaron	uni017E
zdotaccent	zdotaccent	uni017C
fi	fi	uniFB01
fl	fl	uniFB02
ordfeminine	ordfeminine	uni00AA
ordmasculine	ordmasculine	uni00BA
nsuperior	nsuperior	uni207F
Delta	Delta	uni0394
Omega	Omega	uni03A9
mu	mu	uni03BC
pi	pi	uni03C0
kadeva	ka-deva	uni0915
khadeva	kha-deva	uni0916
gadeva	ga-deva	uni0917
ghadeva	gha-deva	uni0918
ngadeva	nga-deva	uni0919
cadeva	ca-deva	uni091A
chadeva	cha-deva	uni091B
jadeva	ja-deva	uni091C
jhadeva	jha-deva	uni091D
nyadeva	nya-deva	uni091E
ttadeva	tta-deva	uni091F
tthadeva	ttha-deva	uni0920
ddadeva	dda-deva	uni0921
ddhadeva	ddha-deva	uni0922
nnadeva	nna-deva	uni0923
tadeva	ta-deva	uni0924
thadeva	tha-deva	uni0925
dadeva	da-deva	uni0926
dhadeva	dha-deva	uni0927
nadeva	na-deva	uni0928
nnnadeva	nnna-deva	uni0929
padeva	pa-deva	uni092A
phadeva	pha-deva	uni092B
badeva	ba-deva	uni092C
bhadeva	bha-deva	uni092D
madeva	ma-deva	uni092E
yadeva	ya-deva	uni092F
radeva	ra-deva	uni0930
rradeva	rra-deva	uni0931
ladeva	la-deva	uni0932
lladeva	lla-deva	uni0933
llladeva	llla-deva	uni0934
vadeva	va-deva	uni0935
shadeva	sha-deva	uni0936
ssadeva	ssa-deva	uni0937
sadeva	sa-deva	uni0938
hadeva	ha-deva	uni0939
qadeva	qa-deva	uni0958
khhadeva	khha-deva	uni0959
ghhadeva	ghha-deva	uni095A
zadeva	za-deva	uni095B
dddhadeva	dddha-deva	uni095C
rhadeva	rha-deva	uni095D
fadeva	fa-deva	uni095E
yyadeva	yya-deva	uni095F
zhadeva	zha-deva	uni0979
jjyadeva	jjya-deva	uni097A
ggadeva	gga-deva	uni097B
jjadeva	jja-deva	uni097C
dddadeva	ddda-deva	uni097E
bbadeva	bba-deva	uni097F
ladeva.loclMAR	la-deva.loclMAR
shadeva.loclMAR	sha-deva.loclMAR
jhadeva.loclNEP	jha-deva.loclNEP
zhadeva.loclNEP	zha-deva.loclNEP
yadeva.post	ya-deva.post
vadeva.post	va-deva.post
nadeva.post2	na-deva.post2
radeva.post2	ra-deva.post2
k_kadeva	k_ka-deva
k_tadeva	k_ta-deva
k_radeva	k_ra-deva
k_ladeva	k_la-deva
k_vadeva	k_va-deva
k_ssadeva	k_ssa-deva
k_ss_radeva	k_ss_ra-deva
kh_radeva	kh_ra-deva
g_nadeva	g_na-deva
g_radeva	g_ra-deva
gh_radeva	gh_ra-deva
ng_kadeva	ng_ka-deva
ng_k_ssadeva	ng_k_ssa-deva
ng_khadeva	ng_kha-deva
ng_gadeva	ng_ga-deva
ng_ghadeva	ng_gha-deva
ng_madeva	ng_ma-deva
c_cadeva	c_ca-deva
c_ch_vadeva	c_ch_va-deva
c_radeva	c_ra-deva
c_ladeva	c_la-deva
ch_nadeva	ch_na-deva
ch_ladeva	ch_la-deva
ch_vadeva	ch_va-deva
j_jadeva	j_ja-deva
j_nyadeva	j_nya-deva
j_ny_radeva	j_ny_ra-deva
j_radeva	j_ra-deva
jh_radeva	jh_ra-deva
ny_cadeva	ny_ca-deva
ny_jadeva	ny_ja-deva
ny_radeva	ny_ra-deva
tt_ttadeva	tt_tta-deva
tt_tthadeva	tt_ttha-deva
tt_ddhadeva	tt_ddha-deva
tt_yadeva	tt_ya-deva
tt_vadeva	tt_va-deva
tth_tthadeva	tth_ttha-deva
tth_nadeva	tth_na-deva
tth_yadeva	tth_ya-deva
dd_ttadeva	dd_tta-deva
dd_ddadeva	dd_dda-deva
dd_ddhadeva	dd_ddha-deva
dd_yadeva	dd_ya-deva
ddh_ddhadeva	ddh_ddha-deva
ddh_yadeva	ddh_ya-deva
nn_radeva	nn_ra-deva
t_tadeva	t_ta-deva
t_radeva	t_ra-deva
th_radeva	th_ra-deva
d_gadeva	d_ga-deva
d_ga_uMatradeva	d_ga_uMatra-deva
d_ga_uuMatradeva	d_ga_uuMatra-deva
d_ghadeva	d_gha-deva
d_gha_uMatradeva	d_gha_uMatra-deva
d_gha_uuMatradeva	d_gha_uuMatra-deva
d_dadeva	d_da-deva
d_d_yadeva	d_d_ya-deva
d_dhadeva	d_dha-deva
d_dha_uMatradeva	d_dha_uMatra-deva
d_dha_uuMatradeva	d_dha_uuMatra-deva
d_dh_yadeva	d_dh_ya-deva
d_dh_r_yadeva	d_dh_r_ya-deva
d_nadeva	d_na-deva
d_na_uMatradeva	d_na_uMatra-deva
d_na_uuMatradeva	d_na_uuMatra-deva
d_badeva	d_ba-deva
d_ba_uMatradeva	d_ba_uMatra-deva
d_ba_uuMatradeva	d_ba_uuMatra-deva
d_bhadeva	d_bha-deva
d_madeva	d_ma-deva
d_yadeva	d_ya-deva
d_radeva	d_ra-deva
d_ra_uMatradeva	d_ra_uMatra-deva
d_ra_uuMatradeva	d_ra_uuMatra-deva
d_vadeva	d_va-deva
d_va_uMatradeva	d_va_uMatra-deva
d_va_uuMatradeva	d_va_uuMatra-deva
d_rVocalicMatradeva	d_rVocalicMatra-deva
dh_radeva	dh_ra-deva
n_nadeva	n_na-deva
n_radeva	n_ra-deva
p_tadeva	p_ta-deva
p_radeva	p_ra-deva
p_ladeva	p_la-deva
ph_radeva	ph_ra-deva
ph_ladeva	ph_la-deva
b_radeva	b_ra-deva
bh_radeva	bh_ra-deva
m_radeva	m_ra-deva
y_radeva	y_ra-deva
ra_uMatradeva	ra_uMatra-deva
ra_uuMatradeva	ra_uuMatra-deva
l_radeva	l_ra-deva
l_ladeva	l_la-deva
v_radeva	v_ra-deva
sh_rVocalicdeva	sh_rVocalic-deva
sh_cadeva	sh_ca-deva
sh_nadeva	sh_na-deva
sh_radeva	sh_ra-deva
sh_ladeva	sh_la-deva
sh_vadeva	sh_va-deva
ss_ttadeva	ss_tta-deva
ss_tt_yadeva	ss_tt_ya-deva
ss_tthadeva	ss_ttha-deva
ss_tth_yadeva	ss_tth_ya-deva
ss_radeva	ss_ra-deva
s_t_radeva	s_t_ra-deva
s_radeva	s_ra-deva
ha_uMatradeva	ha_uMatra-deva
ha_uuMatradeva	ha_uuMatra-deva
ha_rVocalicMatradeva	ha_rVocalicMatra-deva
h_nnadeva	h_nna-deva
h_nadeva	h_na-deva
h_madeva	h_ma-deva
h_yadeva	h_ya-deva
h_radeva	h_ra-deva
h_ladeva	h_la-deva
h_vadeva	h_va-deva
f_radeva	f_ra-deva
iMatra_candraBindudeva	iMatra_candraBindu-deva
iMatra_reph_candraBindudeva	iMatra_reph_candraBindu-deva
iiMatra_candraBindudeva	iiMatra_candraBindu-deva
iiMatra_reph_candraBindudeva	iiMatra_reph_candraBindu-deva
oMatra_candraBindudeva	oMatra_candraBindu-deva
oMatra_reph_candraBindudeva	oMatra_reph_candraBindu-deva
auMatra_candraBindudeva	auMatra_candraBindu-deva
auMatra_reph_candraBindudeva	auMatra_reph_candraBindu-deva
iMatra_candraBindudeva.0	iMatra_candraBindu-deva.0
iMatra_reph_candraBindudeva.0	iMatra_reph_candraBindu-deva.0
iiMatra_candraBindudeva.0	iiMatra_candraBindu-deva.0
iiMatra_reph_candraBindudeva.0	iiMatra_reph_candraBindu-deva.0
iMatra_candraBindudeva.1	iMatra_candraBindu-deva.1
iMatra_reph_candraBindudeva.1	iMatra_reph_candraBindu-deva.1
iMatra_candraBindudeva.10	iMatra_candraBindu-deva.10
iMatra_reph_candraBindudeva.10	iMatra_reph_candraBindu-deva.10
iMatra_candraBindudeva.11	iMatra_candraBindu-deva.11
iMatra_reph_candraBindudeva.11	iMatra_reph_candraBindu-deva.11
iMatra_candraBindudeva.12	iMatra_candraBindu-deva.12
iMatra_reph_candraBindudeva.12	iMatra_reph_candraBindu-deva.12
iMatra_candraBindudeva.13	iMatra_candraBindu-deva.13
iMatra_reph_candraBindudeva.13	iMatra_reph_candraBindu-deva.13
iMatra_candraBindudeva.14	iMatra_candraBindu-deva.14
iMatra_reph_candraBindudeva.14	iMatra_reph_candraBindu-deva.14
iMatra_candraBindudeva.15	iMatra_candraBindu-deva.15
iMatra_reph_candraBindudeva.15	iMatra_reph_candraBindu-deva.15
iMatra_candraBindudeva.16	iMatra_candraBindu-deva.16
iMatra_reph_candraBindudeva.16	iMatra_reph_candraBindu-deva.16
iMatra_candraBindudeva.17	iMatra_candraBindu-deva.17
iMatra_reph_candraBindudeva.17	iMatra_reph_candraBindu-deva.17
iMatra_candraBindudeva.18	iMatra_candraBindu-deva.18
iMatra_reph_candraBindudeva.18	iMatra_reph_candraBindu-deva.18
iMatra_candraBindudeva.19	iMatra_candraBindu-deva.19
iMatra_reph_candraBindudeva.19	iMatra_reph_candraBindu-deva.19
iMatra_candraBindudeva.2	iMatra_candraBindu-deva.2
iMatra_reph_candraBindudeva.2	iMatra_reph_candraBindu-deva.2
iMatra_candraBindudeva.3	iMatra_candraBindu-deva.3
iMatra_reph_candraBindudeva.3	iMatra_reph_candraBindu-deva.3
iMatra_candraBindudeva.4	iMatra_candraBindu-deva.4
iMatra_reph_candraBindudeva.4	iMatra_reph_candraBindu-deva.4
iMatra_candraBindudeva.5	iMatra_candraBindu-deva.5
iMatra_reph_candraBindudeva.5	iMatra_reph_candraBindu-deva.5
iMatra_candraBindudeva.6	iMatra_candraBindu-deva.6
iMatra_reph_candraBindudeva.6	iMatra_reph_candraBindu-deva.6
iMatra_candraBindudeva.7	iMatra_candraBindu-deva.7
iMatra_reph_candraBindudeva.7	iMatra_reph_candraBindu-deva.7
iMatra_candraBindudeva.8	iMatra_candraBindu-deva.8
iMatra_reph_candraBindudeva.8	iMatra_reph_candraBindu-deva.8
iMatra_candraBindudeva.9	iMatra_candraBindu-deva.9
iMatra_reph_candraBindudeva.9	iMatra_reph_candraBindu-deva.9
c_cadeva.alt	c_ca-deva.alt
k_ladeva.loclMAR	k_la-deva.loclMAR
c_ladeva.loclMAR	c_la-deva.loclMAR
ch_ladeva.loclMAR	ch_la-deva.loclMAR
p_ladeva.loclMAR	p_la-deva.loclMAR
ph_ladeva.loclMAR	ph_la-deva.loclMAR
l_ladeva.loclMAR	l_la-deva.loclMAR
sh_ladeva.loclMAR	sh_la-deva.loclMAR
k_radeva.loclNEP	k_ra-deva.loclNEP
aShortdeva	aShort-deva	uni0904
aCandradeva	aCandra-deva	uni0972
adeva	a-deva	uni0905
aadeva	aa-deva	uni0906
ideva	i-deva	uni0907
iideva	ii-deva	uni0908
udeva	u-deva	uni0909
uudeva	uu-deva	uni090A
rVocalicdeva	rVocalic-deva	uni090B
rrVocalicdeva	rrVocalic-deva	uni0960
lVocalicdeva	lVocalic-deva	uni090C
llVocalicdeva	llVocalic-deva	uni0961
eCandradeva	eCandra-deva	uni090D
eShortdeva	eShort-deva	uni090E
edeva	e-deva	uni090F
aideva	ai-deva	uni0910
oCandradeva	oCandra-deva	uni0911
oShortdeva	oShort-deva	uni0912
odeva	o-deva	uni0913
audeva	au-deva	uni0914
oedeva	oe-deva	uni0973
ooedeva	ooe-deva	uni0974
awdeva	aw-deva	uni0975
uedeva	ue-deva	uni0976
uuedeva	uue-deva	uni0977
kdeva	k-deva
k_ssdeva	k_ss-deva
khdeva	kh-deva
gdeva	g-deva
g_ndeva	g_n-deva
g_rdeva	g_r-deva
ghdeva	gh-deva
gh_rdeva	gh_r-deva
ngdeva	ng-deva
ng_kdeva	ng_k-deva
cdeva	c-deva
chdeva	ch-deva
jdeva	j-deva
j_jdeva	j_j-deva
j_nydeva	j_ny-deva
j_ny_rdeva	j_ny_r-deva
j_rdeva	j_r-deva
jhdeva	jh-deva
nydeva	ny-deva
ttdeva	tt-deva
tthdeva	tth-deva
dddeva	dd-deva
ddhdeva	ddh-deva
nndeva	nn-deva
tdeva	t-deva
t_tdeva	t_t-deva
t_rdeva	t_r-deva
thdeva	th-deva
ddeva	d-deva
dhdeva	dh-deva
dh_rdeva	dh_r-deva
ndeva	n-deva
n_ndeva	n_n-deva
nnndeva	nnn-deva
pdeva	p-deva
phdeva	ph-deva
bdeva	b-deva
b_rdeva	b_r-deva
bhdeva	bh-deva
bh_rdeva	bh_r-deva
mdeva	m-deva
m_rdeva	m_r-deva
ydeva	y-deva
y_rdeva	y_r-deva
rrdeva	rr-deva
ldeva	l-deva
lldeva	ll-deva
llldeva	lll-deva
vdeva	v-deva
v_rdeva	v_r-deva
shdeva	sh-deva
sh_rdeva	sh_r-deva
ssdeva	ss-deva
sdeva	s-deva
hdeva	h-deva
qdeva	q-deva
khhdeva	khh-deva
ghhdeva	ghh-deva
zdeva	z-deva
fdeva	f-deva
aaMatradeva	aaMatra-deva	uni093E
iMatra_anusvaradeva	iMatra_anusvara-deva
iMatra_rephdeva	iMatra_reph-deva
iMatra_reph_anusvaradeva	iMatra_reph_anusvara-deva
iMatradeva	iMatra-deva	uni093F
iiMatra_anusvaradeva	iiMatra_anusvara-deva
iiMatra_rephdeva	iiMatra_reph-deva
iiMatra_reph_anusvaradeva	iiMatra_reph_anusvara-deva
iiMatradeva	iiMatra-deva	uni0940
oCandraMatradeva	oCandraMatra-deva	uni0949
oShortMatradeva	oShortMatra-deva	uni094A
oMatra_anusvaradeva	oMatra_anusvara-deva
oMatra_rephdeva	oMatra_reph-deva
oMatra_reph_anusvaradeva	oMatra_reph_anusvara-deva
oMatradeva	oMatra-deva	uni094B
auMatra_anusvaradeva	auMatra_anusvara-deva
auMatra_rephdeva	auMatra_reph-deva
auMatra_reph_anusvaradeva	auMatra_reph_anusvara-deva
auMatradeva	auMatra-deva	uni094C
prishthaMatraEdeva	prishthaMatraE-deva	uni094E
ooeMatradeva	ooeMatra-deva	uni093B
awMatradeva	awMatra-deva	uni094F
iMatradeva.0	iMatra-deva.0
iMatra_anusvaradeva.0	iMatra_anusvara-deva.0
iMatra_rephdeva.0	iMatra_reph-deva.0
iMatra_reph_anusvaradeva.0	iMatra_reph_anusvara-deva.0
iiMatra_reph_anusvaradeva.0	iiMatra_reph_anusvara-deva.0
iiMatra_anusvaradeva.0	iiMatra_anusvara-deva.0
iiMatra_rephdeva.0	iiMatra_reph-deva.0
iiMatradeva.0	iiMatra-deva.0
iMatradeva.1	iMatra-deva.1
iMatra_anusvaradeva.1	iMatra_anusvara-deva.1
iMatra_rephdeva.1	iMatra_reph-deva.1
iMatra_reph_anusvaradeva.1	iMatra_reph_anusvara-deva.1
iMatradeva.10	iMatra-deva.10
iMatra_anusvaradeva.10	iMatra_anusvara-deva.10
iMatra_rephdeva.10	iMatra_reph-deva.10
iMatra_reph_anusvaradeva.10	iMatra_reph_anusvara-deva.10
iMatradeva.11	iMatra-deva.11
iMatra_anusvaradeva.11	iMatra_anusvara-deva.11
iMatra_rephdeva.11	iMatra_reph-deva.11
iMatra_reph_anusvaradeva.11	iMatra_reph_anusvara-deva.11
iMatradeva.12	iMatra-deva.12
iMatra_anusvaradeva.12	iMatra_anusvara-deva.12
iMatra_rephdeva.12	iMatra_reph-deva.12
iMatra_reph_anusvaradeva.12	iMatra_reph_anusvara-deva.12
iMatradeva.13	iMatra-deva.13
iMatra_anusvaradeva.13	iMatra_anusvara-deva.13
iMatra_rephdeva.13	iMatra_reph-deva.13
iMatra_reph_anusvaradeva.13	iMatra_reph_anusvara-deva.13
iMatradeva.14	iMatra-deva.14
iMatra_anusvaradeva.14	iMatra_anusvara-deva.14
iMatra_rephdeva.14	iMatra_reph-deva.14
iMatra_reph_anusvaradeva.14	iMatra_reph_anusvara-deva.14
iMatradeva.15	iMatra-deva.15
iMatra_anusvaradeva.15	iMatra_anusvara-deva.15
iMatra_rephdeva.15	iMatra_reph-deva.15
iMatra_reph_anusvaradeva.15	iMatra_reph_anusvara-deva.15
iMatradeva.16	iMatra-deva.16
iMatra_anusvaradeva.16	iMatra_anusvara-deva.16
iMatra_rephdeva.16	iMatra_reph-deva.16
iMatra_reph_anusvaradeva.16	iMatra_reph_anusvara-deva.16
iMatradeva.17	iMatra-deva.17
iMatra_anusvaradeva.17	iMatra_anusvara-deva.17
iMatra_rephdeva.17	iMatra_reph-deva.17
iMatra_reph_anusvaradeva.17	iMatra_reph_anusvara-deva.17
iMatradeva.18	iMatra-deva.18
iMatra_anusvaradeva.18	iMatra_anusvara-deva.18
iMatra_rephdeva.18	iMatra_reph-deva.18
iMatra_reph_anusvaradeva.18	iMatra_reph_anusvara-deva.18
iMatradeva.19	iMatra-deva.19
iMatra_anusvaradeva.19	iMatra_anusvara-deva.19
iMatra_rephdeva.19	iMatra_reph-deva.19
iMatra_reph_anusvaradeva.19	iMatra_reph_anusvara-deva.19
iMatradeva.2	iMatra-deva.2
iMatra_anusvaradeva.2	iMatra_anusvara-deva.2
iMatra_rephdeva.2	iMatra_reph-deva.2
iMatra_reph_anusvaradeva.2	iMatra_reph_anusvara-deva.2
iMatradeva.3	iMatra-deva.3
iMatra_anusvaradeva.3	iMatra_anusvara-deva.3
iMatra_rephdeva.3	iMatra_reph-deva.3
iMatra_reph_anusvaradeva.3	iMatra_reph_anusvara-deva.3
iMatradeva.4	iMatra-deva.4
iMatra_anusvaradeva.4	iMatra_anusvara-deva.4
iMatra_rephdeva.4	iMatra_reph-deva.4
iMatra_reph_anusvaradeva.4	iMatra_reph_anusvara-deva.4
iMatradeva.5	iMatra-deva.5
iMatra_anusvaradeva.5	iMatra_anusvara-deva.5
iMatra_rephdeva.5	iMatra_reph-deva.5
iMatra_reph_anusvaradeva.5	iMatra_reph_anusvara-deva.5
iMatradeva.6	iMatra-deva.6
iMatra_anusvaradeva.6	iMatra_anusvara-deva.6
iMatra_rephdeva.6	iMatra_reph-deva.6
iMatra_reph_anusvaradeva.6	iMatra_reph_anusvara-deva.6
iMatradeva.7	iMatra-deva.7
iMatra_anusvaradeva.7	iMatra_anusvara-deva.7
iMatra_rephdeva.7	iMatra_reph-deva.7
iMatra_reph_anusvaradeva.7	iMatra_reph_anusvara-deva.7
iMatradeva.8	iMatra-deva.8
iMatra_anusvaradeva.8	iMatra_anusvara-deva.8
iMatra_rephdeva.8	iMatra_reph-deva.8
iMatra_reph_anusvaradeva.8	iMatra_reph_anusvara-deva.8
iMatradeva.9	iMatra-deva.9
iMatra_anusvaradeva.9	iMatra_anusvara-deva.9
iMatra_rephdeva.9	iMatra_reph-deva.9
iMatra_reph_anusvaradeva.9	iMatra_reph_anusvara-deva.9
shdeva.loclMAR	sh-deva.loclMAR
jhdeva.loclNEP	jh-deva.loclNEP
chdeva.post	ch-deva.post
shdeva.ss02	sh-deva.ss02
zero	zero	uni0030
one	one	uni0031
two	two	uni0032
three	three	uni0033
four	four	uni0034
five	five	uni0035
six	six	uni0036
seven	seven	uni0037
eight	eight	uni0038
nine	nine	uni0039
fraction	fraction	uni2044
onehalf	onehalf	uni00BD
onequarter	onequarter	uni00BC
threequarters	threequarters	uni00BE
oneeighth	oneeighth	uni215B
threeeighths	threeeighths	uni215C
fiveeighths	fiveeighths	uni215D
seveneighths	seveneighths	uni215E
onesuperior	onesuperior	uni00B9
twosuperior	twosuperior	uni00B2
threesuperior	threesuperior	uni00B3
zerodeva	zero-deva	uni0966
onedeva	one-deva	uni0967
twodeva	two-deva	uni0968
threedeva	three-deva	uni0969
fourdeva	four-deva	uni096A
fivedeva	five-deva	uni096B
sixdeva	six-deva	uni096C
sevendeva	seven-deva	uni096D
eightdeva	eight-deva	uni096E
ninedeva	nine-deva	uni096F
fivedeva.loclNEP	five-deva.loclNEP
eightdeva.loclNEP	eight-deva.loclNEP
asterisk	asterisk	uni002A
backslash	backslash	uni005C
periodcentered	periodcentered	uni00B7
bullet	bullet	uni2022
colon	colon	uni003A
comma	comma	uni002C
ellipsis	ellipsis	uni2026
exclam	exclam	uni0021
exclamdbl	exclamdbl	uni203C
exclamdown	exclamdown	uni00A1
numbersign	numbersign	uni0023
overline	overline	uni203E
period	period	uni002E
question	question	uni003F
questiondown	questiondown	uni00BF
quotedbl	quotedbl	uni0022
quotesingle	quotesingle	uni0027
semicolon	semicolon	uni003B
slash	slash	uni002F
underscore	underscore	uni005F
underscoredbl	underscoredbl	uni2017
braceleft	braceleft	uni007B
braceright	braceright	uni007D
bracketleft	bracketleft	uni005B
bracketright	bracketright	uni005D
parenleft	parenleft	uni0028
parenright	parenright	uni0029
emdash	emdash	uni2014
endash	endash	uni2013
horizontalbar	horizontalbar	uni2015
hyphen	hyphen	uni002D
softhyphen	softhyphen	uni00AD
guillemotleft	guillemotleft	uni00AB
guillemotright	guillemotright	uni00BB
guilsinglleft	guilsinglleft	uni2039
guilsinglright	guilsinglright	uni203A
quotedblbase	quotedblbase	uni201E
quotedblleft	quotedblleft	uni201C
quotedblright	quotedblright	uni201D
quoteleft	quoteleft	uni2018
quotereversed	quotereversed	uni201B
quoteright	quoteright	uni2019
quotesinglbase	quotesinglbase	uni201A
glottalstopdeva	glottalstop-deva	uni097D
dandadeva	danda-deva	uni0964
dbldandadeva	dbldanda-deva	uni0965
abbreviationdeva	abbreviation-deva	uni0970
highspacingdotdeva	highspacingdot-deva	uni0971
caretdeva	caret-deva	uniA8FA
headstrokeddeva	headstroked-deva	uniA8FB
space	space	uni0020
nbspace	nbspace	uni00A0
zerowidthjoiner	zerowidthjoiner	uni200D
zerowidthnonjoiner	zerowidthnonjoiner	uni200C
CR	CR	uni000D
.notdef	.notdef
cent	cent	uni00A2
currency	currency	uni00A4
dollar	dollar	uni0024
euro	euro	uni20AC
florin	florin	uni0192
franc	franc	uni20A3
lira	lira	uni20A4
peseta	peseta	uni20A7
rupeeIndian	rupeeIndian	uni20B9
sterling	sterling	uni00A3
yen	yen	uni00A5
Ohm	Ohm	uni2126
approxequal	approxequal	uni2248
asciitilde	asciitilde	uni007E
bulletoperator	bulletoperator	uni2219
divide	divide	uni00F7
divisionslash	divisionslash	uni2215
equal	equal	uni003D
equivalence	equivalence	uni2261
greater	greater	uni003E
greaterequal	greaterequal	uni2265
increment	increment	uni2206
infinity	infinity	uni221E
integral	integral	uni222B
integralbt	integralbt	uni2321
integraltp	integraltp	uni2320
intersection	intersection	uni2229
less	less	uni003C
lessequal	lessequal	uni2264
logicalnot	logicalnot	uni00AC
logicalnotReversed	logicalnotReversed	uni2310
micro	micro	uni00B5
minus	minus	uni2212
multiply	multiply	uni00D7
notequal	notequal	uni2260
orthogonal	orthogonal	uni221F
partialdiff	partialdiff	uni2202
percent	percent	uni0025
perthousand	perthousand	uni2030
plus	plus	uni002B
plusminus	plusminus	uni00B1
product	product	uni220F
radical	radical	uni221A
summation	summation	uni2211
arrowup	arrowup	uni2191
arrowright	arrowright	uni2192
arrowdown	arrowdown	uni2193
arrowleft	arrowleft	uni2190
arrowboth	arrowboth	uni2194
arrowupdn	arrowupdn	uni2195
arrowupdownbase	arrowupdownbase	uni21A8
dottedCircle	dottedCircle	uni25CC
lozenge	lozenge	uni25CA
bar	bar	uni007C
brokenbar	brokenbar	uni00A6
at	at	uni0040
ampersand	ampersand	uni0026
paragraph	paragraph	uni00B6
careof	careof	uni2105
copyright	copyright	uni00A9
registered	registered	uni00AE
section	section	uni00A7
trademark	trademark	uni2122
degree	degree	uni00B0
estimated	estimated	uni212E
literSign	literSign	uni2113
numero	numero	uni2116
asciicircum	asciicircum	uni005E
caret	caret	uni2038
dagger	dagger	uni2020
daggerdbl	daggerdbl	uni2021
house	house	uni2302
minute	minute	uni2032
second	second	uni2033
avagrahadeva	avagraha-deva	uni093D
omdeva	om-deva	uni0950
pushpikadeva	pushpika-deva	uniA8F8
gapfillerdeva	gapfiller-deva	uniA8F9
acute	acute	uni00B4
breve	breve	uni02D8
caron	caron	uni02C7
cedilla	cedilla	uni00B8
circumflex	circumflex	uni02C6
dieresis	dieresis	uni00A8
dotaccent	dotaccent	uni02D9
grave	grave	uni0060
hungarumlaut	hungarumlaut	uni02DD
macron	macron	uni00AF
ogonek	ogonek	uni02DB
ring	ring	uni02DA
tilde	tilde	uni02DC
commaaccent	commaaccent	uni0326
firsttonechinese	firsttonechinese	uni02C9
visargadeva	visarga-deva	uni0903
spacingCandraBindudeva	spacingCandraBindu-deva	uniA8F2
candraBinduHalantdeva	candraBinduHalant-deva	uniA8F3
dblcandraBinduHalantdeva	dblcandraBinduHalant-deva	uniA8F4
candraBinduTwodeva	candraBinduTwo-deva	uniA8F5
candraBinduThreedeva	candraBinduThree-deva	uniA8F6
candraBinduAvagrahadeva	candraBinduAvagraha-deva	uniA8F7
uMatradeva	uMatra-deva	uni0941
uuMatradeva	uuMatra-deva	uni0942
rVocalicMatradeva	rVocalicMatra-deva	uni0943
rrVocalicMatradeva	rrVocalicMatra-deva	uni0944
lVocalicMatradeva	lVocalicMatra-deva	uni0962
llVocalicMatradeva	llVocalicMatra-deva	uni0963
eCandraMatradeva	eCandraMatra-deva	uni0945
candraBindudeva	candraBindu-deva	uni0901
eShortMatradeva	eShortMatra-deva	uni0946
eMatradeva	eMatra-deva	uni0947
eMatra_candraBindudeva	eMatra_candraBindu-deva
eMatra_anusvaradeva	eMatra_anusvara-deva
eMatra_rephdeva	eMatra_reph-deva
eMatra_reph_candraBindudeva	eMatra_reph_candraBindu-deva
eMatra_reph_anusvaradeva	eMatra_reph_anusvara-deva
aiMatradeva	aiMatra-deva	uni0948
aiMatra_candraBindudeva	aiMatra_candraBindu-deva
aiMatra_anusvaradeva	aiMatra_anusvara-deva
aiMatra_rephdeva	aiMatra_reph-deva
aiMatra_reph_candraBindudeva	aiMatra_reph_candraBindu-deva
aiMatra_reph_anusvaradeva	aiMatra_reph_anusvara-deva
anusvaradeva	anusvara-deva	uni0902
halantdeva	halant-deva	uni094D
nuktadeva	nukta-deva	uni093C
rephdeva	reph-deva
reph_candraBindudeva	reph_candraBindu-deva
reph_anusvaradeva	reph_anusvara-deva
rakardeva	rakar-deva
rakar_uMatradeva	rakar_uMatra-deva
rakar_uuMatradeva	rakar_uuMatra-deva
invertedCandraBindudeva	invertedCandraBindu-deva	uni0900
eLongCandradeva	eLongCandra-deva	uni0955
oeMatradeva	oeMatra-deva	uni093A
ueMatradeva	ueMatra-deva	uni0956
uueMatradeva	uueMatra-deva	uni0957
udattadeva	udatta-deva	uni0951
anudattadeva	anudatta-deva	uni0952
gravedeva	grave-deva	uni0953
acutedeva	acute-deva	uni0954
combiningAdeva	combiningA-deva	uniA8EA
combiningUdeva	combiningU-deva	uniA8EB
combiningKadeva	combiningKa-deva	uniA8EC
combiningNadeva	combiningNa-deva	uniA8ED
combiningPadeva	combiningPa-deva	uniA8EE
combiningRadeva	combiningRa-deva	uniA8EF
combiningVideva	combiningVi-deva	uniA8F0
combiningAvagrahadeva	combiningAvagraha-deva	uniA8F1
combiningZerodeva	combiningZero-deva	uniA8E0
combiningOnedeva	combiningOne-deva	uniA8E1
combiningTwodeva	combiningTwo-deva	uniA8E2
combiningThreedeva	combiningThree-deva	uniA8E3
combiningFourdeva	combiningFour-deva	uniA8E4
combiningFivedeva	combiningFive-deva	uniA8E5
combiningSixdeva	combiningSix-deva	uniA8E6
combiningSevendeva	combiningSeven-deva	uniA8E7
combiningEightdeva	combiningEight-deva	uniA8E8
combiningNinedeva	combiningNine-deva	uniA8E9
rephdeva.loclMAR	reph-deva.loclMAR
rupeeIndiandeva	rupeeIndian-deva
NULL	NULL
uni000C	uni000C	uni000C
